filename,label
Image_1.jpg,male
Image_2.jpg,male
Image_3.jpg,male
Image_4.jpg,male
Image_5.jpg,male
Image_6.jpg,male
Image_7.jpg,female
Image_8.jpg,male
Image_9.jpg,male
Image_10.jpg,female
Image_11.jpg,female
Image_12.jpg,male
Image_13.jpg,female
Image_14.jpg,male
Image_15.jpg,female
Image_16.jpg,female
Image_17.jpg,female
Image_18.jpg,female
Image_19.jpg,male
Image_20.jpg,female
Image_21.jpg,male
Image_22.jpg,male
Image_23.jpg,female
Image_24.jpg,female
Image_25.jpg,female
Image_26.jpg,female
Image_27.jpg,male
Image_28.jpg,male
Image_29.jpg,female
Image_30.jpg,male
Image_31.jpg,male
Image_32.jpg,male
Image_33.jpg,male
Image_34.jpg,female
Image_35.jpg,male
Image_36.jpg,female
Image_37.jpg,female
Image_38.jpg,female
Image_39.jpg,male
Image_40.jpg,female
Image_41.jpg,male
Image_42.jpg,male
Image_43.jpg,female
Image_44.jpg,female
Image_45.jpg,male
Image_46.jpg,male
Image_47.jpg,male
Image_48.jpg,female
Image_49.jpg,female
Image_50.jpg,male
Image_51.jpg,male
Image_52.jpg,male
Image_53.jpg,male
Image_54.jpg,male
Image_55.jpg,female
Image_56.jpg,male
Image_57.jpg,male
Image_58.jpg,female
Image_59.jpg,male
Image_60.jpg,male
Image_61.jpg,male
Image_62.jpg,female
Image_63.jpg,male
Image_64.jpg,female
Image_65.jpg,female
Image_66.jpg,female
Image_67.jpg,female
Image_68.jpg,female
Image_69.jpg,female
Image_70.jpg,male
Image_71.jpg,male
Image_72.jpg,female
Image_73.jpg,male
Image_74.jpg,female
Image_75.jpg,female
Image_76.jpg,male
Image_77.jpg,female
Image_78.jpg,male
Image_79.jpg,male
Image_80.jpg,male
Image_81.jpg,male
Image_82.jpg,female
Image_83.jpg,male
Image_84.jpg,male
Image_85.jpg,male
Image_86.jpg,male
Image_87.jpg,female
Image_88.jpg,male
Image_89.jpg,female
Image_90.jpg,male
Image_91.jpg,female
Image_92.jpg,female
Image_93.jpg,female
Image_94.jpg,male
Image_95.jpg,male
Image_96.jpg,female
Image_97.jpg,male
Image_98.jpg,female
Image_99.jpg,male
Image_100.jpg,male
Image_101.jpg,female
Image_102.jpg,female
Image_103.jpg,male
Image_104.jpg,male
Image_105.jpg,male
Image_106.jpg,male
Image_107.jpg,female
Image_108.jpg,male
Image_109.jpg,male
Image_110.jpg,male
Image_111.jpg,female
Image_112.jpg,male
Image_113.jpg,female
Image_114.jpg,male
Image_115.jpg,female
Image_116.jpg,female
Image_117.jpg,male
Image_118.jpg,male
Image_119.jpg,male
Image_120.jpg,male
Image_121.jpg,male
Image_122.jpg,male
Image_123.jpg,female
Image_124.jpg,male
Image_125.jpg,male
Image_126.jpg,male
Image_127.jpg,male
Image_128.jpg,female
Image_129.jpg,male
Image_130.jpg,male
Image_131.jpg,male
Image_132.jpg,male
Image_133.jpg,female
Image_134.jpg,female
Image_135.jpg,male
Image_136.jpg,male
Image_137.jpg,female
Image_138.jpg,female
Image_139.jpg,male
Image_140.jpg,male
Image_141.jpg,male
Image_142.jpg,male
Image_143.jpg,male
Image_144.jpg,female
Image_145.jpg,male
Image_146.jpg,male
Image_147.jpg,male
Image_148.jpg,male
Image_149.jpg,female
Image_150.jpg,male
Image_151.jpg,female
Image_152.jpg,female
Image_153.jpg,male
Image_154.jpg,male
Image_155.jpg,male
Image_156.jpg,female
Image_157.jpg,female
Image_158.jpg,male
Image_159.jpg,female
Image_160.jpg,male
Image_161.jpg,male
Image_162.jpg,male
Image_163.jpg,female
Image_164.jpg,female
Image_165.jpg,male
Image_166.jpg,male
Image_167.jpg,female
Image_168.jpg,female
Image_169.jpg,female
Image_170.jpg,female
Image_171.jpg,male
Image_172.jpg,male
Image_173.jpg,female
Image_174.jpg,male
Image_175.jpg,female
Image_176.jpg,male
Image_177.jpg,male
Image_178.jpg,male
Image_179.jpg,female
Image_180.jpg,male
Image_181.jpg,female
Image_182.jpg,male
Image_183.jpg,male
Image_184.jpg,female
Image_185.jpg,male
Image_186.jpg,male
Image_187.jpg,female
Image_188.jpg,male
Image_189.jpg,female
Image_190.jpg,female
Image_191.jpg,female
Image_192.jpg,male
Image_193.jpg,female
Image_194.jpg,female
Image_195.jpg,female
Image_196.jpg,male
Image_197.jpg,male
Image_198.jpg,female
Image_199.jpg,female
Image_200.jpg,female
Image_201.jpg,male
Image_202.jpg,male
Image_203.jpg,female
Image_204.jpg,male
Image_205.jpg,female
Image_206.jpg,female
Image_207.jpg,female
Image_208.jpg,male
Image_209.jpg,female
Image_210.jpg,female
Image_211.jpg,male
Image_212.jpg,female
Image_213.jpg,female
Image_214.jpg,male
Image_215.jpg,female
Image_216.jpg,female
Image_217.jpg,male
Image_218.jpg,female
Image_219.jpg,female
Image_220.jpg,male
Image_221.jpg,male
Image_222.jpg,female
Image_223.jpg,female
Image_224.jpg,male
Image_225.jpg,male
Image_226.jpg,male
Image_227.jpg,male
Image_228.jpg,male
Image_229.jpg,female
Image_230.jpg,male
Image_231.jpg,male
Image_232.jpg,female
Image_233.jpg,male
Image_234.jpg,female
Image_235.jpg,female
Image_236.jpg,female
Image_237.jpg,male
Image_238.jpg,male
Image_239.jpg,female
Image_240.jpg,male
Image_241.jpg,male
Image_242.jpg,male
Image_243.jpg,male
Image_244.jpg,female
Image_245.jpg,male
Image_246.jpg,male
Image_247.jpg,male
Image_248.jpg,male
Image_249.jpg,female
Image_250.jpg,female
Image_251.jpg,female
Image_252.jpg,male
Image_253.jpg,female
Image_254.jpg,female
Image_255.jpg,female
Image_256.jpg,female
Image_257.jpg,male
Image_258.jpg,male
Image_259.jpg,female
Image_260.jpg,female
Image_261.jpg,male
Image_262.jpg,male
Image_263.jpg,female
Image_264.jpg,male
Image_265.jpg,male
Image_266.jpg,male
Image_267.jpg,male
Image_268.jpg,female
Image_269.jpg,male
Image_270.jpg,female
Image_271.jpg,male
Image_272.jpg,male
Image_273.jpg,male
Image_274.jpg,male
Image_275.jpg,female
Image_276.jpg,male
Image_277.jpg,female
Image_278.jpg,male
Image_279.jpg,male
Image_280.jpg,female
Image_281.jpg,female
Image_282.jpg,male
Image_283.jpg,male
Image_284.jpg,male
Image_285.jpg,female
Image_286.jpg,male
Image_287.jpg,male
Image_288.jpg,female
Image_289.jpg,female
Image_290.jpg,female
Image_291.jpg,male
Image_292.jpg,male
Image_293.jpg,male
Image_294.jpg,female
Image_295.jpg,male
Image_296.jpg,male
Image_297.jpg,female
Image_298.jpg,female
Image_299.jpg,female
Image_300.jpg,female
Image_301.jpg,female
Image_302.jpg,female
Image_303.jpg,male
Image_304.jpg,male
Image_305.jpg,male
Image_306.jpg,female
Image_307.jpg,male
Image_308.jpg,male
Image_309.jpg,male
Image_310.jpg,female
Image_311.jpg,female
Image_312.jpg,male
Image_313.jpg,male
Image_314.jpg,male
Image_315.jpg,male
Image_316.jpg,female
Image_317.jpg,male
Image_318.jpg,female
Image_319.jpg,male
Image_320.jpg,female
Image_321.jpg,male
Image_322.jpg,male
Image_323.jpg,female
Image_324.jpg,male
Image_325.jpg,male
Image_326.jpg,female
Image_327.jpg,male
Image_328.jpg,male
Image_329.jpg,male
Image_330.jpg,male
Image_331.jpg,male
Image_332.jpg,female
Image_333.jpg,male
Image_334.jpg,male
Image_335.jpg,female
Image_336.jpg,female
Image_337.jpg,male
Image_338.jpg,male
Image_339.jpg,female
Image_340.jpg,male
Image_341.jpg,male
Image_342.jpg,female
Image_343.jpg,male
Image_344.jpg,male
Image_345.jpg,female
Image_346.jpg,female
Image_347.jpg,male
Image_348.jpg,male
Image_349.jpg,female
Image_350.jpg,male
Image_351.jpg,male
Image_352.jpg,male
Image_353.jpg,male
Image_354.jpg,male
Image_355.jpg,male
Image_356.jpg,female
Image_357.jpg,female
Image_358.jpg,female
Image_359.jpg,male
Image_360.jpg,female
Image_361.jpg,male
Image_362.jpg,male
Image_363.jpg,male
Image_364.jpg,male
Image_365.jpg,female
Image_366.jpg,female
Image_367.jpg,male
Image_368.jpg,male
Image_369.jpg,male
Image_370.jpg,female
Image_371.jpg,female
Image_372.jpg,female
Image_373.jpg,male
Image_374.jpg,male
Image_375.jpg,male
Image_376.jpg,male
Image_377.jpg,male
Image_378.jpg,female
Image_379.jpg,female
Image_380.jpg,female
Image_381.jpg,male
Image_382.jpg,male
Image_383.jpg,female
Image_384.jpg,male
Image_385.jpg,male
Image_386.jpg,female
Image_387.jpg,female
Image_388.jpg,male
Image_389.jpg,male
Image_390.jpg,male
Image_391.jpg,male
Image_392.jpg,male
Image_393.jpg,male
Image_394.jpg,male
Image_395.jpg,male
Image_396.jpg,female
Image_397.jpg,female
Image_398.jpg,female
Image_399.jpg,male
Image_400.jpg,male
Image_401.jpg,male
Image_402.jpg,female
Image_403.jpg,female
Image_404.jpg,female
Image_405.jpg,male
Image_406.jpg,male
Image_407.jpg,male
Image_408.jpg,male
Image_409.jpg,male
Image_410.jpg,male
Image_411.jpg,female
Image_412.jpg,female
Image_413.jpg,male
Image_414.jpg,female
Image_415.jpg,female
Image_416.jpg,female
Image_417.jpg,female
Image_418.jpg,male
Image_419.jpg,male
Image_420.jpg,female
Image_421.jpg,female
Image_422.jpg,female
Image_423.jpg,male
Image_424.jpg,female
Image_425.jpg,male
Image_426.jpg,male
Image_427.jpg,female
Image_428.jpg,female
Image_429.jpg,male
Image_430.jpg,male
Image_431.jpg,female
Image_432.jpg,female
Image_433.jpg,male
Image_434.jpg,female
Image_435.jpg,female
Image_436.jpg,female
Image_437.jpg,male
Image_438.jpg,male
Image_439.jpg,male
Image_440.jpg,female
Image_441.jpg,male
Image_442.jpg,female
Image_443.jpg,male
Image_444.jpg,female
Image_445.jpg,female
Image_446.jpg,female
Image_447.jpg,male
Image_448.jpg,female
Image_449.jpg,female
Image_450.jpg,female
Image_451.jpg,female
Image_452.jpg,male
Image_453.jpg,male
Image_454.jpg,male
Image_455.jpg,female
Image_456.jpg,female
Image_457.jpg,female
Image_458.jpg,male
Image_459.jpg,male
Image_460.jpg,male
Image_461.jpg,male
Image_462.jpg,male
Image_463.jpg,male
Image_464.jpg,male
Image_465.jpg,male
Image_466.jpg,male
Image_467.jpg,female
Image_468.jpg,female
Image_469.jpg,female
Image_470.jpg,male
Image_471.jpg,female
Image_472.jpg,male
Image_473.jpg,male
Image_474.jpg,female
Image_475.jpg,female
Image_476.jpg,female
Image_477.jpg,female
Image_478.jpg,female
Image_479.jpg,female
Image_480.jpg,male
Image_481.jpg,male
Image_482.jpg,male
Image_483.jpg,female
Image_484.jpg,male
Image_485.jpg,female
Image_486.jpg,female
Image_487.jpg,male
Image_488.jpg,male
Image_489.jpg,male
Image_490.jpg,female
Image_491.jpg,female
Image_492.jpg,female
Image_493.jpg,male
Image_494.jpg,male
Image_495.jpg,male
Image_496.jpg,female
Image_497.jpg,female
Image_498.jpg,female
Image_499.jpg,male
Image_500.jpg,female
Image_501.jpg,male
Image_502.jpg,male
Image_503.jpg,male
Image_504.jpg,female
Image_505.jpg,female
Image_506.jpg,male
Image_507.jpg,male
Image_508.jpg,female
Image_509.jpg,female
Image_510.jpg,male
Image_511.jpg,female
Image_512.jpg,male
Image_513.jpg,male
Image_514.jpg,male
Image_515.jpg,female
Image_516.jpg,female
Image_517.jpg,male
Image_518.jpg,female
Image_519.jpg,female
Image_520.jpg,female
Image_521.jpg,female
Image_522.jpg,male
Image_523.jpg,female
Image_524.jpg,male
Image_525.jpg,male
Image_526.jpg,male
Image_527.jpg,male
Image_528.jpg,male
Image_529.jpg,male
Image_530.jpg,male
Image_531.jpg,male
Image_532.jpg,female
Image_533.jpg,male
Image_534.jpg,female
Image_535.jpg,female
Image_536.jpg,female
Image_537.jpg,female
Image_538.jpg,male
Image_539.jpg,male
Image_540.jpg,female
Image_541.jpg,female
Image_542.jpg,male
Image_543.jpg,male
Image_544.jpg,female
Image_545.jpg,female
Image_546.jpg,male
Image_547.jpg,female
Image_548.jpg,female
Image_549.jpg,male
Image_550.jpg,female
Image_551.jpg,female
Image_552.jpg,male
Image_553.jpg,male
Image_554.jpg,female
Image_555.jpg,female
Image_556.jpg,female
Image_557.jpg,male
Image_558.jpg,male
Image_559.jpg,male
Image_560.jpg,female
Image_561.jpg,female
Image_562.jpg,male
Image_563.jpg,female
Image_564.jpg,male
Image_565.jpg,male
Image_566.jpg,female
Image_567.jpg,female
Image_568.jpg,male
Image_569.jpg,male
Image_570.jpg,female
Image_571.jpg,male
Image_572.jpg,female
Image_573.jpg,male
Image_574.jpg,male
Image_575.jpg,male
Image_576.jpg,female
Image_577.jpg,female
Image_578.jpg,male
Image_579.jpg,male
Image_580.jpg,female
Image_581.jpg,female
Image_582.jpg,male
Image_583.jpg,male
Image_584.jpg,male
Image_585.jpg,male
Image_586.jpg,female
Image_587.jpg,female
Image_588.jpg,female
Image_589.jpg,female
Image_590.jpg,female
Image_591.jpg,male
Image_592.jpg,female
Image_593.jpg,male
Image_594.jpg,male
Image_595.jpg,female
Image_596.jpg,female
Image_597.jpg,female
Image_598.jpg,female
Image_599.jpg,female
Image_600.jpg,male
Image_601.jpg,female
Image_602.jpg,male
Image_603.jpg,female
Image_604.jpg,female
Image_605.jpg,male
Image_606.jpg,male
Image_607.jpg,male
Image_608.jpg,male
Image_609.jpg,male
Image_610.jpg,male
Image_611.jpg,female
Image_612.jpg,female
Image_613.jpg,male
Image_614.jpg,male
Image_615.jpg,male
Image_616.jpg,female
Image_617.jpg,male
Image_618.jpg,female
Image_619.jpg,male
Image_620.jpg,male
Image_621.jpg,male
Image_622.jpg,male
Image_623.jpg,male
Image_624.jpg,male
Image_625.jpg,male
Image_626.jpg,male
Image_627.jpg,male
Image_628.jpg,female
Image_629.jpg,female
Image_630.jpg,male
Image_631.jpg,female
Image_632.jpg,male
Image_633.jpg,male
Image_634.jpg,male
Image_635.jpg,female
Image_636.jpg,male
Image_637.jpg,female
Image_638.jpg,male
Image_639.jpg,female
Image_640.jpg,male
Image_641.jpg,male
Image_642.jpg,male
Image_643.jpg,female
Image_644.jpg,male
Image_645.jpg,male
Image_646.jpg,female
Image_647.jpg,female
Image_648.jpg,male
Image_649.jpg,female
Image_650.jpg,female
Image_651.jpg,female
Image_652.jpg,male
Image_653.jpg,male
Image_654.jpg,male
Image_655.jpg,male
Image_656.jpg,male
Image_657.jpg,female
Image_658.jpg,male
Image_659.jpg,female
Image_660.jpg,male
Image_661.jpg,male
Image_662.jpg,female
Image_663.jpg,female
Image_664.jpg,female
Image_665.jpg,female
Image_666.jpg,male
Image_667.jpg,male
Image_668.jpg,female
Image_669.jpg,male
Image_670.jpg,male
Image_671.jpg,male
Image_672.jpg,male
Image_673.jpg,male
Image_674.jpg,female
Image_675.jpg,male
Image_676.jpg,male
Image_677.jpg,female
Image_678.jpg,male
Image_679.jpg,female
Image_680.jpg,male
Image_681.jpg,female
Image_682.jpg,male
Image_683.jpg,male
Image_684.jpg,male
Image_685.jpg,male
Image_686.jpg,male
Image_687.jpg,male
Image_688.jpg,male
Image_689.jpg,male
Image_690.jpg,male
Image_691.jpg,male
Image_692.jpg,female
Image_693.jpg,female
Image_694.jpg,male
Image_695.jpg,female
Image_696.jpg,male
Image_697.jpg,male
Image_698.jpg,female
Image_699.jpg,male
Image_700.jpg,female
Image_701.jpg,male
Image_702.jpg,female
Image_703.jpg,female
Image_704.jpg,male
Image_705.jpg,male
Image_706.jpg,female
Image_707.jpg,male
Image_708.jpg,male
Image_709.jpg,female
Image_710.jpg,male
Image_711.jpg,female
Image_712.jpg,male
Image_713.jpg,male
Image_714.jpg,female
Image_715.jpg,female
Image_716.jpg,female
Image_717.jpg,female
Image_718.jpg,female
Image_719.jpg,male
Image_720.jpg,male
Image_721.jpg,female
Image_722.jpg,male
Image_723.jpg,female
Image_724.jpg,male
Image_725.jpg,female
Image_726.jpg,male
Image_727.jpg,female
Image_728.jpg,female
Image_729.jpg,male
Image_730.jpg,female
Image_731.jpg,female
Image_732.jpg,male
Image_733.jpg,male
Image_734.jpg,female
Image_735.jpg,female
Image_736.jpg,male
Image_737.jpg,male
Image_738.jpg,female
Image_739.jpg,female
Image_740.jpg,female
Image_741.jpg,male
Image_742.jpg,female
Image_743.jpg,male
Image_744.jpg,female
Image_745.jpg,male
Image_746.jpg,female
Image_747.jpg,male
Image_748.jpg,male
Image_749.jpg,male
Image_750.jpg,female
Image_751.jpg,female
Image_752.jpg,female
Image_753.jpg,female
Image_754.jpg,male
Image_755.jpg,female
Image_756.jpg,male
Image_757.jpg,female
Image_758.jpg,female
Image_759.jpg,male
Image_760.jpg,female
Image_761.jpg,male
Image_762.jpg,female
Image_763.jpg,male
Image_764.jpg,male
Image_765.jpg,female
Image_766.jpg,female
Image_767.jpg,female
Image_768.jpg,male
Image_769.jpg,female
Image_770.jpg,female
Image_771.jpg,male
Image_772.jpg,female
Image_773.jpg,male
Image_774.jpg,male
Image_775.jpg,male
Image_776.jpg,male
Image_777.jpg,male
Image_778.jpg,male
Image_779.jpg,female
Image_780.jpg,male
Image_781.jpg,female
Image_782.jpg,female
Image_783.jpg,male
Image_784.jpg,female
Image_785.jpg,female
Image_786.jpg,female
Image_787.jpg,male
Image_788.jpg,female
Image_789.jpg,male
Image_790.jpg,male
Image_791.jpg,male
Image_792.jpg,male
Image_793.jpg,female
Image_794.jpg,female
Image_795.jpg,male
Image_796.jpg,female
Image_797.jpg,male
Image_798.jpg,female
Image_799.jpg,male
Image_800.jpg,male
Image_801.jpg,male
Image_802.jpg,female
Image_803.jpg,female
Image_804.jpg,male
Image_805.jpg,male
Image_806.jpg,male
Image_807.jpg,female
Image_808.jpg,male
Image_809.jpg,female
Image_810.jpg,female
Image_811.jpg,female
Image_812.jpg,male
Image_813.jpg,female
Image_814.jpg,male
Image_815.jpg,female
Image_816.jpg,male
Image_817.jpg,female
Image_818.jpg,male
Image_819.jpg,female
Image_820.jpg,male
Image_821.jpg,female
Image_822.jpg,male
Image_823.jpg,male
Image_824.jpg,male
Image_825.jpg,male
Image_826.jpg,female
Image_827.jpg,male
Image_828.jpg,male
Image_829.jpg,male
Image_830.jpg,male
Image_831.jpg,male
Image_832.jpg,male
Image_833.jpg,female
Image_834.jpg,male
Image_835.jpg,male
Image_836.jpg,female
Image_837.jpg,female
Image_838.jpg,male
Image_839.jpg,male
Image_840.jpg,female
Image_841.jpg,male
Image_842.jpg,male
Image_843.jpg,male
Image_844.jpg,female
Image_845.jpg,male
Image_846.jpg,male
Image_847.jpg,female
Image_848.jpg,male
Image_849.jpg,male
Image_850.jpg,male
Image_851.jpg,male
Image_852.jpg,female
Image_853.jpg,female
Image_854.jpg,male
Image_855.jpg,male
Image_856.jpg,male
Image_857.jpg,male
Image_858.jpg,female
Image_859.jpg,male
Image_860.jpg,female
Image_861.jpg,female
Image_862.jpg,female
Image_863.jpg,female
Image_864.jpg,male
Image_865.jpg,male
Image_866.jpg,male
Image_867.jpg,female
Image_868.jpg,female
Image_869.jpg,male
Image_870.jpg,male
Image_871.jpg,male
Image_872.jpg,female
Image_873.jpg,female
Image_874.jpg,male
Image_875.jpg,female
Image_876.jpg,female
Image_877.jpg,female
Image_878.jpg,male
Image_879.jpg,female
Image_880.jpg,male
Image_881.jpg,male
Image_882.jpg,male
Image_883.jpg,female
Image_884.jpg,male
Image_885.jpg,female
Image_886.jpg,male
Image_887.jpg,female
Image_888.jpg,female
Image_889.jpg,female
Image_890.jpg,male
Image_891.jpg,male
Image_892.jpg,male
Image_893.jpg,male
Image_894.jpg,male
Image_895.jpg,male
Image_896.jpg,male
Image_897.jpg,female
Image_898.jpg,male
Image_899.jpg,male
Image_900.jpg,female
Image_901.jpg,female
Image_902.jpg,female
Image_903.jpg,male
Image_904.jpg,female
Image_905.jpg,female
Image_906.jpg,male
Image_907.jpg,male
Image_908.jpg,male
Image_909.jpg,male
Image_910.jpg,female
Image_911.jpg,female
Image_912.jpg,female
Image_913.jpg,female
Image_914.jpg,male
Image_915.jpg,male
Image_916.jpg,male
Image_917.jpg,male
Image_918.jpg,female
Image_919.jpg,female
Image_920.jpg,female
Image_921.jpg,female
Image_922.jpg,female
Image_923.jpg,female
Image_924.jpg,female
Image_925.jpg,male
Image_926.jpg,female
Image_927.jpg,male
Image_928.jpg,female
Image_929.jpg,male
Image_930.jpg,female
Image_931.jpg,male
Image_932.jpg,male
Image_933.jpg,female
Image_934.jpg,male
Image_935.jpg,male
Image_936.jpg,male
Image_937.jpg,female
Image_938.jpg,male
Image_939.jpg,male
Image_940.jpg,male
Image_941.jpg,male
Image_942.jpg,female
Image_943.jpg,male
Image_944.jpg,female
Image_945.jpg,male
Image_946.jpg,male
Image_947.jpg,female
Image_948.jpg,female
Image_949.jpg,male
Image_950.jpg,female
Image_951.jpg,male
Image_952.jpg,male
Image_953.jpg,female
Image_954.jpg,male
Image_955.jpg,female
Image_956.jpg,female
Image_957.jpg,male
Image_958.jpg,female
Image_959.jpg,male
Image_960.jpg,female
Image_961.jpg,male
Image_962.jpg,male
Image_963.jpg,female
Image_964.jpg,male
Image_965.jpg,male
Image_966.jpg,male
Image_967.jpg,female
Image_968.jpg,male
Image_969.jpg,female
Image_970.jpg,female
Image_971.jpg,female
Image_972.jpg,female
Image_973.jpg,male
Image_974.jpg,male
Image_975.jpg,male
Image_976.jpg,male
Image_977.jpg,male
Image_978.jpg,female
Image_979.jpg,male
Image_980.jpg,male
Image_981.jpg,female
Image_982.jpg,female
Image_983.jpg,female
Image_984.jpg,male
Image_985.jpg,female
Image_986.jpg,male
Image_987.jpg,male
Image_988.jpg,female
Image_989.jpg,female
Image_990.jpg,male
Image_991.jpg,female
Image_992.jpg,male
Image_993.jpg,female
Image_994.jpg,female
Image_995.jpg,female
Image_996.jpg,male
Image_997.jpg,male
Image_998.jpg,female
Image_999.jpg,female
Image_1000.jpg,female
Image_1001.jpg,male
Image_1002.jpg,male
Image_1003.jpg,male
Image_1004.jpg,male
Image_1005.jpg,male
Image_1006.jpg,female
Image_1007.jpg,male
Image_1008.jpg,female
Image_1009.jpg,male
Image_1010.jpg,female
Image_1011.jpg,male
Image_1012.jpg,male
Image_1013.jpg,female
Image_1014.jpg,male
Image_1015.jpg,male
Image_1016.jpg,male
Image_1017.jpg,male
Image_1018.jpg,male
Image_1019.jpg,male
Image_1020.jpg,male
Image_1021.jpg,male
Image_1022.jpg,male
Image_1023.jpg,male
Image_1024.jpg,male
Image_1025.jpg,male
Image_1026.jpg,male
Image_1027.jpg,female
Image_1028.jpg,male
Image_1029.jpg,male
Image_1030.jpg,male
Image_1031.jpg,female
Image_1032.jpg,male
Image_1033.jpg,male
Image_1034.jpg,male
Image_1035.jpg,female
Image_1036.jpg,male
Image_1037.jpg,female
Image_1038.jpg,male
Image_1039.jpg,female
Image_1040.jpg,female
Image_1041.jpg,male
Image_1042.jpg,female
Image_1043.jpg,female
Image_1044.jpg,male
Image_1045.jpg,male
Image_1046.jpg,male
Image_1047.jpg,male
Image_1048.jpg,female
Image_1049.jpg,male
Image_1050.jpg,male
Image_1051.jpg,female
Image_1052.jpg,female
Image_1053.jpg,female
Image_1054.jpg,female
Image_1055.jpg,male
Image_1056.jpg,female
Image_1057.jpg,female
Image_1058.jpg,male
Image_1059.jpg,female
Image_1060.jpg,female
Image_1061.jpg,female
Image_1062.jpg,female
Image_1063.jpg,male
Image_1064.jpg,male
Image_1065.jpg,female
Image_1066.jpg,female
Image_1067.jpg,male
Image_1068.jpg,male
Image_1069.jpg,male
Image_1070.jpg,male
Image_1071.jpg,male
Image_1072.jpg,female
Image_1073.jpg,male
Image_1074.jpg,male
Image_1075.jpg,female
Image_1076.jpg,male
Image_1077.jpg,female
Image_1078.jpg,female
Image_1079.jpg,female
Image_1080.jpg,male
Image_1081.jpg,female
Image_1082.jpg,female
Image_1083.jpg,female
Image_1084.jpg,male
Image_1085.jpg,male
Image_1086.jpg,female
Image_1087.jpg,female
Image_1088.jpg,female
Image_1089.jpg,male
Image_1090.jpg,male
Image_1091.jpg,male
Image_1092.jpg,male
Image_1093.jpg,male
Image_1094.jpg,male
Image_1095.jpg,male
Image_1096.jpg,female
Image_1097.jpg,female
Image_1098.jpg,male
Image_1099.jpg,male
Image_1100.jpg,female
Image_1101.jpg,female
Image_1102.jpg,female
Image_1103.jpg,female
Image_1104.jpg,female
Image_1105.jpg,male
Image_1106.jpg,male
Image_1107.jpg,male
Image_1108.jpg,male
Image_1109.jpg,female
Image_1110.jpg,female
Image_1111.jpg,male
Image_1112.jpg,female
Image_1113.jpg,female
Image_1114.jpg,female
Image_1115.jpg,female
Image_1116.jpg,male
Image_1117.jpg,female
Image_1118.jpg,female
Image_1119.jpg,male
Image_1120.jpg,male
Image_1121.jpg,female
Image_1122.jpg,female
Image_1123.jpg,female
Image_1124.jpg,male
Image_1125.jpg,male
Image_1126.jpg,female
Image_1127.jpg,male
Image_1128.jpg,female
Image_1129.jpg,male
Image_1130.jpg,male
Image_1131.jpg,female
Image_1132.jpg,male
Image_1133.jpg,female
Image_1134.jpg,female
Image_1135.jpg,male
Image_1136.jpg,male
Image_1137.jpg,male
Image_1138.jpg,male
Image_1139.jpg,female
Image_1140.jpg,female
Image_1141.jpg,female
Image_1142.jpg,female
Image_1143.jpg,female
Image_1144.jpg,male
Image_1145.jpg,male
Image_1146.jpg,female
Image_1147.jpg,male
Image_1148.jpg,male
Image_1149.jpg,male
Image_1150.jpg,male
Image_1151.jpg,female
Image_1152.jpg,male
Image_1153.jpg,female
Image_1154.jpg,male
Image_1155.jpg,male
Image_1156.jpg,male
Image_1157.jpg,male
Image_1158.jpg,female
Image_1159.jpg,male
Image_1160.jpg,female
Image_1161.jpg,male
Image_1162.jpg,female
Image_1163.jpg,male
Image_1164.jpg,male
Image_1165.jpg,female
Image_1166.jpg,male
Image_1167.jpg,female
Image_1168.jpg,male
Image_1169.jpg,female
Image_1170.jpg,female
Image_1171.jpg,male
Image_1172.jpg,male
Image_1173.jpg,male
Image_1174.jpg,male
Image_1175.jpg,female
Image_1176.jpg,male
Image_1177.jpg,female
Image_1178.jpg,female
Image_1179.jpg,female
Image_1180.jpg,female
Image_1181.jpg,male
Image_1182.jpg,female
Image_1183.jpg,male
Image_1184.jpg,male
Image_1185.jpg,female
Image_1186.jpg,male
Image_1187.jpg,male
Image_1188.jpg,male
Image_1189.jpg,male
Image_1190.jpg,female
Image_1191.jpg,male
Image_1192.jpg,male
Image_1193.jpg,female
Image_1194.jpg,male
Image_1195.jpg,female
Image_1196.jpg,male
Image_1197.jpg,male
Image_1198.jpg,female
Image_1199.jpg,female
Image_1200.jpg,male
Image_1201.jpg,female
Image_1202.jpg,male
Image_1203.jpg,female
Image_1204.jpg,male
Image_1205.jpg,female
Image_1206.jpg,female
Image_1207.jpg,female
Image_1208.jpg,male
Image_1209.jpg,female
Image_1210.jpg,male
Image_1211.jpg,male
Image_1212.jpg,male
Image_1213.jpg,female
Image_1214.jpg,female
Image_1215.jpg,male
Image_1216.jpg,male
Image_1217.jpg,male
Image_1218.jpg,male
Image_1219.jpg,female
Image_1220.jpg,male
Image_1221.jpg,female
Image_1222.jpg,female
Image_1223.jpg,male
Image_1224.jpg,female
Image_1225.jpg,male
Image_1226.jpg,male
Image_1227.jpg,male
Image_1228.jpg,male
Image_1229.jpg,male
Image_1230.jpg,female
Image_1231.jpg,male
Image_1232.jpg,male
Image_1233.jpg,male
Image_1234.jpg,female
Image_1235.jpg,male
Image_1236.jpg,male
Image_1237.jpg,female
Image_1238.jpg,male
Image_1239.jpg,male
Image_1240.jpg,female
Image_1241.jpg,female
Image_1242.jpg,male
Image_1243.jpg,female
Image_1244.jpg,male
Image_1245.jpg,male
Image_1246.jpg,male
Image_1247.jpg,male
Image_1248.jpg,female
Image_1249.jpg,male
Image_1250.jpg,male
Image_1251.jpg,male
Image_1252.jpg,female
Image_1253.jpg,male
Image_1254.jpg,female
Image_1255.jpg,female
Image_1256.jpg,male
Image_1257.jpg,female
Image_1258.jpg,female
Image_1259.jpg,male
Image_1260.jpg,male
Image_1261.jpg,female
Image_1262.jpg,male
Image_1263.jpg,male
Image_1264.jpg,male
Image_1265.jpg,male
Image_1266.jpg,male
Image_1267.jpg,male
Image_1268.jpg,female
Image_1269.jpg,male
Image_1270.jpg,male
Image_1271.jpg,male
Image_1272.jpg,female
Image_1273.jpg,male
Image_1274.jpg,male
Image_1275.jpg,male
Image_1276.jpg,female
Image_1277.jpg,female
Image_1278.jpg,female
Image_1279.jpg,female
Image_1280.jpg,male
Image_1281.jpg,female
Image_1282.jpg,male
Image_1283.jpg,male
Image_1284.jpg,male
Image_1285.jpg,female
Image_1286.jpg,female
Image_1287.jpg,female
Image_1288.jpg,male
Image_1289.jpg,male
Image_1290.jpg,female
Image_1291.jpg,male
Image_1292.jpg,female
Image_1293.jpg,male
Image_1294.jpg,female
Image_1295.jpg,female
Image_1296.jpg,female
Image_1297.jpg,male
Image_1298.jpg,female
Image_1299.jpg,male
Image_1300.jpg,male
Image_1301.jpg,female
Image_1302.jpg,male
Image_1303.jpg,female
Image_1304.jpg,female
Image_1305.jpg,male
Image_1306.jpg,female
Image_1307.jpg,male
Image_1308.jpg,male
Image_1309.jpg,female
Image_1310.jpg,male
Image_1311.jpg,male
Image_1312.jpg,female
Image_1313.jpg,female
Image_1314.jpg,male
Image_1315.jpg,female
Image_1316.jpg,male
Image_1317.jpg,male
Image_1318.jpg,female
Image_1319.jpg,female
Image_1320.jpg,female
Image_1321.jpg,male
Image_1322.jpg,male
Image_1323.jpg,female
Image_1324.jpg,female
Image_1325.jpg,male
Image_1326.jpg,male
Image_1327.jpg,male
Image_1328.jpg,female
Image_1329.jpg,male
Image_1330.jpg,female
Image_1331.jpg,female
Image_1332.jpg,male
Image_1333.jpg,female
Image_1334.jpg,female
Image_1335.jpg,male
Image_1336.jpg,male
Image_1337.jpg,male
Image_1338.jpg,male
Image_1339.jpg,male
Image_1340.jpg,male
Image_1341.jpg,male
Image_1342.jpg,female
Image_1343.jpg,female
Image_1344.jpg,female
Image_1345.jpg,female
Image_1346.jpg,male
Image_1347.jpg,female
Image_1348.jpg,female
Image_1349.jpg,male
Image_1350.jpg,male
Image_1351.jpg,male
Image_1352.jpg,female
Image_1353.jpg,male
Image_1354.jpg,male
Image_1355.jpg,female
Image_1356.jpg,female
Image_1357.jpg,female
Image_1358.jpg,male
Image_1359.jpg,female
Image_1360.jpg,female
Image_1361.jpg,male
Image_1362.jpg,male
Image_1363.jpg,male
Image_1364.jpg,male
Image_1365.jpg,male
Image_1366.jpg,male
Image_1367.jpg,female
Image_1368.jpg,female
Image_1369.jpg,female
Image_1370.jpg,male
Image_1371.jpg,female
Image_1372.jpg,male
Image_1373.jpg,female
Image_1374.jpg,male
Image_1375.jpg,male
Image_1376.jpg,female
Image_1377.jpg,female
Image_1378.jpg,male
Image_1379.jpg,female
Image_1380.jpg,female
Image_1381.jpg,male
Image_1382.jpg,male
Image_1383.jpg,female
Image_1384.jpg,male
Image_1385.jpg,female
Image_1386.jpg,female
Image_1387.jpg,male
Image_1388.jpg,female
Image_1389.jpg,male
Image_1390.jpg,male
Image_1391.jpg,male
Image_1392.jpg,female
Image_1393.jpg,female
Image_1394.jpg,female
Image_1395.jpg,female
Image_1396.jpg,male
Image_1397.jpg,male
Image_1398.jpg,male
Image_1399.jpg,male
Image_1400.jpg,male
Image_1401.jpg,male
Image_1402.jpg,male
Image_1403.jpg,female
Image_1404.jpg,female
Image_1405.jpg,male
Image_1406.jpg,male
Image_1407.jpg,female
Image_1408.jpg,male
Image_1409.jpg,female
Image_1410.jpg,female
Image_1411.jpg,female
Image_1412.jpg,female
Image_1413.jpg,female
Image_1414.jpg,female
Image_1415.jpg,male
Image_1416.jpg,male
Image_1417.jpg,male
Image_1418.jpg,male
Image_1419.jpg,male
Image_1420.jpg,male
Image_1421.jpg,female
Image_1422.jpg,male
Image_1423.jpg,male
Image_1424.jpg,male
Image_1425.jpg,female
Image_1426.jpg,male
Image_1427.jpg,female
Image_1428.jpg,male
Image_1429.jpg,female
Image_1430.jpg,male
Image_1431.jpg,male
Image_1432.jpg,male
Image_1433.jpg,male
Image_1434.jpg,female
Image_1435.jpg,male
Image_1436.jpg,male
Image_1437.jpg,female
Image_1438.jpg,female
Image_1439.jpg,male
Image_1440.jpg,female
Image_1441.jpg,female
Image_1442.jpg,male
Image_1443.jpg,female
Image_1444.jpg,male
Image_1445.jpg,male
Image_1446.jpg,male
Image_1447.jpg,female
Image_1448.jpg,female
Image_1449.jpg,female
Image_1450.jpg,male
Image_1451.jpg,female
Image_1452.jpg,female
Image_1453.jpg,female
Image_1454.jpg,male
Image_1455.jpg,female
Image_1456.jpg,female
Image_1457.jpg,female
Image_1458.jpg,female
Image_1459.jpg,male
Image_1460.jpg,female
Image_1461.jpg,male
Image_1462.jpg,male
Image_1463.jpg,male
Image_1464.jpg,female
Image_1465.jpg,male
Image_1466.jpg,male
Image_1467.jpg,female
Image_1468.jpg,male
Image_1469.jpg,male
Image_1470.jpg,female
Image_1471.jpg,male
Image_1472.jpg,female
Image_1473.jpg,female
Image_1474.jpg,male
Image_1475.jpg,male
Image_1476.jpg,male
Image_1477.jpg,male
Image_1478.jpg,male
Image_1479.jpg,female
Image_1480.jpg,female
Image_1481.jpg,male
Image_1482.jpg,male
Image_1483.jpg,male
Image_1484.jpg,female
Image_1485.jpg,male
Image_1486.jpg,female
Image_1487.jpg,male
Image_1488.jpg,female
Image_1489.jpg,male
Image_1490.jpg,male
Image_1491.jpg,male
Image_1492.jpg,male
Image_1493.jpg,male
Image_1494.jpg,male
Image_1495.jpg,male
Image_1496.jpg,female
Image_1497.jpg,female
Image_1498.jpg,female
Image_1499.jpg,male
Image_1500.jpg,male
Image_1501.jpg,male
Image_1502.jpg,male
Image_1503.jpg,female
Image_1504.jpg,female
Image_1505.jpg,female
Image_1506.jpg,female
Image_1507.jpg,male
Image_1508.jpg,female
Image_1509.jpg,female
Image_1510.jpg,male
Image_1511.jpg,male
Image_1512.jpg,male
Image_1513.jpg,female
Image_1514.jpg,female
Image_1515.jpg,male
Image_1516.jpg,male
Image_1517.jpg,female
Image_1518.jpg,female
Image_1519.jpg,male
Image_1520.jpg,female
Image_1521.jpg,male
Image_1522.jpg,female
Image_1523.jpg,male
Image_1524.jpg,male
Image_1525.jpg,female
Image_1526.jpg,male
Image_1527.jpg,male
Image_1528.jpg,male
Image_1529.jpg,male
Image_1530.jpg,female
Image_1531.jpg,female
Image_1532.jpg,male
Image_1533.jpg,male
Image_1534.jpg,female
Image_1535.jpg,male
Image_1536.jpg,female
Image_1537.jpg,female
Image_1538.jpg,female
Image_1539.jpg,male
Image_1540.jpg,female
Image_1541.jpg,male
Image_1542.jpg,male
Image_1543.jpg,female
Image_1544.jpg,male
Image_1545.jpg,male
Image_1546.jpg,male
Image_1547.jpg,male
Image_1548.jpg,male
Image_1549.jpg,female
Image_1550.jpg,male
Image_1551.jpg,male
Image_1552.jpg,male
Image_1553.jpg,male
Image_1554.jpg,male
Image_1555.jpg,female
Image_1556.jpg,male
Image_1557.jpg,male
Image_1558.jpg,female
Image_1559.jpg,male
Image_1560.jpg,male
Image_1561.jpg,female
Image_1562.jpg,female
Image_1563.jpg,male
Image_1564.jpg,female
Image_1565.jpg,female
Image_1566.jpg,female
Image_1567.jpg,male
Image_1568.jpg,female
Image_1569.jpg,female
Image_1570.jpg,male
Image_1571.jpg,female
Image_1572.jpg,male
Image_1573.jpg,female
Image_1574.jpg,female
Image_1575.jpg,female
Image_1576.jpg,male
Image_1577.jpg,male
Image_1578.jpg,male
Image_1579.jpg,female
Image_1580.jpg,female
Image_1581.jpg,female
Image_1582.jpg,male
Image_1583.jpg,female
Image_1584.jpg,female
Image_1585.jpg,male
Image_1586.jpg,male
Image_1587.jpg,male
Image_1588.jpg,female
Image_1589.jpg,male
Image_1590.jpg,male
Image_1591.jpg,female
Image_1592.jpg,male
Image_1593.jpg,female
Image_1594.jpg,female
Image_1595.jpg,male
Image_1596.jpg,male
Image_1597.jpg,female
Image_1598.jpg,male
Image_1599.jpg,female
Image_1600.jpg,male
Image_1601.jpg,male
Image_1602.jpg,male
Image_1603.jpg,female
Image_1604.jpg,female
Image_1605.jpg,male
Image_1606.jpg,male
Image_1607.jpg,male
Image_1608.jpg,male
Image_1609.jpg,female
Image_1610.jpg,male
Image_1611.jpg,female
Image_1612.jpg,female
Image_1613.jpg,male
Image_1614.jpg,female
Image_1615.jpg,male
Image_1616.jpg,male
Image_1617.jpg,female
Image_1618.jpg,female
Image_1619.jpg,female
Image_1620.jpg,male
Image_1621.jpg,male
Image_1622.jpg,female
Image_1623.jpg,male
Image_1624.jpg,female
Image_1625.jpg,male
Image_1626.jpg,male
Image_1627.jpg,female
Image_1628.jpg,female
Image_1629.jpg,female
Image_1630.jpg,male
Image_1631.jpg,male
Image_1632.jpg,male
Image_1633.jpg,male
Image_1634.jpg,female
Image_1635.jpg,male
Image_1636.jpg,female
Image_1637.jpg,female
Image_1638.jpg,female
Image_1639.jpg,male
Image_1640.jpg,male
Image_1641.jpg,female
Image_1642.jpg,female
Image_1643.jpg,male
Image_1644.jpg,female
Image_1645.jpg,female
Image_1646.jpg,male
Image_1647.jpg,female
Image_1648.jpg,female
Image_1649.jpg,male
Image_1650.jpg,female
Image_1651.jpg,male
Image_1652.jpg,female
Image_1653.jpg,male
Image_1654.jpg,female
Image_1655.jpg,female
Image_1656.jpg,female
Image_1657.jpg,female
Image_1658.jpg,male
Image_1659.jpg,male
Image_1660.jpg,female
Image_1661.jpg,female
Image_1662.jpg,male
Image_1663.jpg,female
Image_1664.jpg,female
Image_1665.jpg,male
Image_1666.jpg,male
Image_1667.jpg,female
Image_1668.jpg,male
Image_1669.jpg,male
Image_1670.jpg,male
Image_1671.jpg,male
Image_1672.jpg,male
Image_1673.jpg,male
Image_1674.jpg,male
Image_1675.jpg,male
Image_1676.jpg,male
Image_1677.jpg,female
Image_1678.jpg,female
Image_1679.jpg,female
Image_1680.jpg,female
Image_1681.jpg,male
Image_1682.jpg,female
Image_1683.jpg,female
Image_1684.jpg,female
Image_1685.jpg,male
Image_1686.jpg,male
Image_1687.jpg,male
Image_1688.jpg,female
Image_1689.jpg,female
Image_1690.jpg,female
Image_1691.jpg,female
Image_1692.jpg,female
Image_1693.jpg,female
Image_1694.jpg,male
Image_1695.jpg,male
Image_1696.jpg,male
Image_1697.jpg,female
Image_1698.jpg,male
Image_1699.jpg,male
Image_1700.jpg,male
Image_1701.jpg,female
Image_1702.jpg,male
Image_1703.jpg,female
Image_1704.jpg,male
Image_1705.jpg,male
Image_1706.jpg,female
Image_1707.jpg,female
Image_1708.jpg,female
Image_1709.jpg,male
Image_1710.jpg,male
Image_1711.jpg,female
Image_1712.jpg,male
Image_1713.jpg,male
Image_1714.jpg,female
Image_1715.jpg,male
Image_1716.jpg,male
Image_1717.jpg,female
Image_1718.jpg,female
Image_1719.jpg,male
Image_1720.jpg,male
Image_1721.jpg,female
Image_1722.jpg,female
Image_1723.jpg,male
Image_1724.jpg,male
Image_1725.jpg,male
Image_1726.jpg,female
Image_1727.jpg,male
Image_1728.jpg,female
Image_1729.jpg,male
Image_1730.jpg,male
Image_1731.jpg,male
Image_1732.jpg,male
Image_1733.jpg,male
Image_1734.jpg,female
Image_1735.jpg,male
Image_1736.jpg,female
Image_1737.jpg,female
Image_1738.jpg,male
Image_1739.jpg,female
Image_1740.jpg,male
Image_1741.jpg,male
Image_1742.jpg,female
Image_1743.jpg,male
Image_1744.jpg,female
Image_1745.jpg,female
Image_1746.jpg,female
Image_1747.jpg,male
Image_1748.jpg,female
Image_1749.jpg,female
Image_1750.jpg,male
Image_1751.jpg,female
Image_1752.jpg,male
Image_1753.jpg,female
Image_1754.jpg,male
Image_1755.jpg,male
Image_1756.jpg,female
Image_1757.jpg,female
Image_1758.jpg,male
Image_1759.jpg,male
Image_1760.jpg,male
Image_1761.jpg,male
Image_1762.jpg,male
Image_1763.jpg,male
Image_1764.jpg,female
Image_1765.jpg,male
Image_1766.jpg,female
Image_1767.jpg,male
Image_1768.jpg,female
Image_1769.jpg,male
Image_1770.jpg,male
Image_1771.jpg,female
Image_1772.jpg,female
Image_1773.jpg,female
Image_1774.jpg,female
Image_1775.jpg,male
Image_1776.jpg,female
Image_1777.jpg,male
Image_1778.jpg,female
Image_1779.jpg,female
Image_1780.jpg,male
Image_1781.jpg,female
Image_1782.jpg,female
Image_1783.jpg,male
Image_1784.jpg,male
Image_1785.jpg,female
Image_1786.jpg,male
Image_1787.jpg,male
Image_1788.jpg,female
Image_1789.jpg,male
Image_1790.jpg,male
Image_1791.jpg,male
Image_1792.jpg,male
Image_1793.jpg,male
Image_1794.jpg,female
Image_1795.jpg,male
Image_1796.jpg,male
Image_1797.jpg,male
Image_1798.jpg,female
Image_1799.jpg,male
Image_1800.jpg,male
Image_1801.jpg,male
Image_1802.jpg,female
Image_1803.jpg,female
Image_1804.jpg,male
Image_1805.jpg,male
Image_1806.jpg,female
Image_1807.jpg,male
Image_1808.jpg,female
Image_1809.jpg,male
Image_1810.jpg,male
Image_1811.jpg,male
Image_1812.jpg,female
Image_1813.jpg,male
Image_1814.jpg,male
Image_1815.jpg,female
Image_1816.jpg,female
Image_1817.jpg,male
Image_1818.jpg,male
Image_1819.jpg,male
Image_1820.jpg,female
Image_1821.jpg,male
Image_1822.jpg,female
Image_1823.jpg,female
Image_1824.jpg,female
Image_1825.jpg,male
Image_1826.jpg,male
Image_1827.jpg,male
Image_1828.jpg,male
Image_1829.jpg,male
Image_1830.jpg,male
Image_1831.jpg,male
Image_1832.jpg,female
Image_1833.jpg,female
Image_1834.jpg,male
Image_1835.jpg,male
Image_1836.jpg,female
Image_1837.jpg,male
Image_1838.jpg,male
Image_1839.jpg,male
Image_1840.jpg,female
Image_1841.jpg,male
Image_1842.jpg,female
Image_1843.jpg,male
Image_1844.jpg,male
Image_1845.jpg,female
Image_1846.jpg,male
Image_1847.jpg,male
Image_1848.jpg,male
Image_1849.jpg,male
Image_1850.jpg,male
Image_1851.jpg,female
Image_1852.jpg,male
Image_1853.jpg,female
Image_1854.jpg,female
Image_1855.jpg,female
Image_1856.jpg,male
Image_1857.jpg,female
Image_1858.jpg,female
Image_1859.jpg,female
Image_1860.jpg,female
Image_1861.jpg,female
Image_1862.jpg,male
Image_1863.jpg,male
Image_1864.jpg,male
Image_1865.jpg,male
Image_1866.jpg,male
Image_1867.jpg,male
Image_1868.jpg,male
Image_1869.jpg,female
Image_1870.jpg,female
Image_1871.jpg,male
Image_1872.jpg,female
Image_1873.jpg,male
Image_1874.jpg,female
Image_1875.jpg,male
Image_1876.jpg,male
Image_1877.jpg,male
Image_1878.jpg,male
Image_1879.jpg,female
Image_1880.jpg,male
Image_1881.jpg,male
Image_1882.jpg,male
Image_1883.jpg,male
Image_1884.jpg,male
Image_1885.jpg,female
Image_1886.jpg,male
Image_1887.jpg,female
Image_1888.jpg,male
Image_1889.jpg,male
Image_1890.jpg,male
Image_1891.jpg,female
Image_1892.jpg,male
Image_1893.jpg,male
Image_1894.jpg,male
Image_1895.jpg,male
Image_1896.jpg,male
Image_1897.jpg,male
Image_1898.jpg,female
Image_1899.jpg,male
Image_1900.jpg,female
Image_1901.jpg,female
Image_1902.jpg,male
Image_1903.jpg,female
Image_1904.jpg,male
Image_1905.jpg,male
Image_1906.jpg,male
Image_1907.jpg,male
Image_1908.jpg,female
Image_1909.jpg,male
Image_1910.jpg,female
Image_1911.jpg,female
Image_1912.jpg,female
Image_1913.jpg,male
Image_1914.jpg,male
Image_1915.jpg,male
Image_1916.jpg,male
Image_1917.jpg,female
Image_1918.jpg,female
Image_1919.jpg,male
Image_1920.jpg,female
Image_1921.jpg,male
Image_1922.jpg,female
Image_1923.jpg,female
Image_1924.jpg,female
Image_1925.jpg,female
Image_1926.jpg,female
Image_1927.jpg,female
Image_1928.jpg,female
Image_1929.jpg,male
Image_1930.jpg,male
Image_1931.jpg,female
Image_1932.jpg,female
Image_1933.jpg,male
Image_1934.jpg,female
Image_1935.jpg,female
Image_1936.jpg,female
Image_1937.jpg,female
Image_1938.jpg,male
Image_1939.jpg,male
Image_1940.jpg,male
Image_1941.jpg,female
Image_1942.jpg,male
Image_1943.jpg,female
Image_1944.jpg,male
Image_1945.jpg,female
Image_1946.jpg,female
Image_1947.jpg,male
Image_1948.jpg,female
Image_1949.jpg,male
Image_1950.jpg,female
Image_1951.jpg,male
Image_1952.jpg,male
Image_1953.jpg,female
Image_1954.jpg,male
Image_1955.jpg,female
Image_1956.jpg,male
Image_1957.jpg,male
Image_1958.jpg,female
Image_1959.jpg,male
Image_1960.jpg,female
Image_1961.jpg,female
Image_1962.jpg,male
Image_1963.jpg,female
Image_1964.jpg,female
Image_1965.jpg,female
Image_1966.jpg,male
Image_1967.jpg,male
Image_1968.jpg,female
Image_1969.jpg,male
Image_1970.jpg,male
Image_1971.jpg,male
Image_1972.jpg,male
Image_1973.jpg,male
Image_1974.jpg,male
Image_1975.jpg,male
Image_1976.jpg,female
Image_1977.jpg,male
Image_1978.jpg,male
Image_1979.jpg,male
Image_1980.jpg,male
Image_1981.jpg,male
Image_1982.jpg,female
Image_1983.jpg,female
Image_1984.jpg,female
Image_1985.jpg,male
Image_1986.jpg,male
Image_1987.jpg,male
Image_1988.jpg,female
Image_1989.jpg,male
Image_1990.jpg,female
Image_1991.jpg,female
Image_1992.jpg,male
Image_1993.jpg,female
Image_1994.jpg,male
Image_1995.jpg,female
Image_1996.jpg,male
Image_1997.jpg,male
Image_1998.jpg,female
Image_1999.jpg,female
Image_2000.jpg,female
Image_2001.jpg,female
Image_2002.jpg,male
Image_2003.jpg,male
Image_2004.jpg,male
Image_2005.jpg,female
Image_2006.jpg,male
Image_2007.jpg,male
Image_2008.jpg,female
Image_2009.jpg,male
Image_2010.jpg,male
Image_2011.jpg,male
Image_2012.jpg,female
Image_2013.jpg,female
Image_2014.jpg,female
Image_2015.jpg,female
Image_2016.jpg,female
Image_2017.jpg,male
Image_2018.jpg,female
Image_2019.jpg,male
Image_2020.jpg,male
Image_2021.jpg,female
Image_2022.jpg,female
Image_2023.jpg,female
Image_2024.jpg,male
Image_2025.jpg,female
Image_2026.jpg,male
Image_2027.jpg,male
Image_2028.jpg,female
Image_2029.jpg,male
Image_2030.jpg,male
Image_2031.jpg,male
Image_2032.jpg,male
Image_2033.jpg,male
Image_2034.jpg,female
Image_2035.jpg,male
Image_2036.jpg,male
Image_2037.jpg,male
Image_2038.jpg,female
Image_2039.jpg,female
Image_2040.jpg,male
Image_2041.jpg,male
Image_2042.jpg,male
Image_2043.jpg,male
Image_2044.jpg,female
Image_2045.jpg,female
Image_2046.jpg,male
Image_2047.jpg,male
Image_2048.jpg,female
Image_2049.jpg,male
Image_2050.jpg,male
Image_2051.jpg,male
Image_2052.jpg,female
Image_2053.jpg,female
Image_2054.jpg,female
Image_2055.jpg,male
Image_2056.jpg,male
Image_2057.jpg,female
Image_2058.jpg,female
Image_2059.jpg,male
Image_2060.jpg,male
Image_2061.jpg,male
Image_2062.jpg,male
Image_2063.jpg,male
Image_2064.jpg,male
Image_2065.jpg,female
Image_2066.jpg,female
Image_2067.jpg,female
Image_2068.jpg,male
Image_2069.jpg,male
Image_2070.jpg,female
Image_2071.jpg,female
Image_2072.jpg,male
Image_2073.jpg,male
Image_2074.jpg,female
Image_2075.jpg,female
Image_2076.jpg,male
Image_2077.jpg,female
Image_2078.jpg,female
Image_2079.jpg,female
Image_2080.jpg,male
Image_2081.jpg,male
Image_2082.jpg,female
Image_2083.jpg,male
Image_2084.jpg,female
Image_2085.jpg,male
Image_2086.jpg,male
Image_2087.jpg,female
Image_2088.jpg,female
Image_2089.jpg,male
Image_2090.jpg,male
Image_2091.jpg,female
Image_2092.jpg,male
Image_2093.jpg,female
Image_2094.jpg,male
Image_2095.jpg,male
Image_2096.jpg,male
Image_2097.jpg,male
Image_2098.jpg,female
Image_2099.jpg,male
Image_2100.jpg,male
Image_2101.jpg,male
Image_2102.jpg,male
Image_2103.jpg,male
Image_2104.jpg,female
Image_2105.jpg,female
Image_2106.jpg,female
Image_2107.jpg,male
Image_2108.jpg,male
Image_2109.jpg,female
Image_2110.jpg,female
Image_2111.jpg,female
Image_2112.jpg,female
Image_2113.jpg,male
Image_2114.jpg,male
Image_2115.jpg,male
Image_2116.jpg,male
Image_2117.jpg,male
Image_2118.jpg,male
Image_2119.jpg,female
Image_2120.jpg,male
Image_2121.jpg,female
Image_2122.jpg,male
Image_2123.jpg,male
Image_2124.jpg,female
Image_2125.jpg,female
Image_2126.jpg,female
Image_2127.jpg,female
Image_2128.jpg,male
Image_2129.jpg,male
Image_2130.jpg,female
Image_2131.jpg,male
Image_2132.jpg,female
Image_2133.jpg,female
Image_2134.jpg,male
Image_2135.jpg,male
Image_2136.jpg,female
Image_2137.jpg,male
Image_2138.jpg,female
Image_2139.jpg,female
Image_2140.jpg,male
Image_2141.jpg,male
Image_2142.jpg,female
Image_2143.jpg,male
Image_2144.jpg,male
Image_2145.jpg,male
Image_2146.jpg,female
Image_2147.jpg,male
Image_2148.jpg,female
Image_2149.jpg,male
Image_2150.jpg,female
Image_2151.jpg,female
Image_2152.jpg,male
Image_2153.jpg,male
Image_2154.jpg,female
Image_2155.jpg,female
Image_2156.jpg,female
Image_2157.jpg,male
Image_2158.jpg,female
Image_2159.jpg,male
Image_2160.jpg,female
Image_2161.jpg,male
Image_2162.jpg,male
Image_2163.jpg,male
Image_2164.jpg,male
Image_2165.jpg,female
Image_2166.jpg,male
Image_2167.jpg,male
Image_2168.jpg,female
Image_2169.jpg,male
Image_2170.jpg,female
Image_2171.jpg,male
Image_2172.jpg,female
Image_2173.jpg,female
Image_2174.jpg,female
Image_2175.jpg,female
Image_2176.jpg,male
Image_2177.jpg,female
Image_2178.jpg,male
Image_2179.jpg,male
Image_2180.jpg,female
Image_2181.jpg,male
Image_2182.jpg,female
Image_2183.jpg,male
Image_2184.jpg,female
Image_2185.jpg,female
Image_2186.jpg,female
Image_2187.jpg,female
Image_2188.jpg,male
Image_2189.jpg,female
Image_2190.jpg,male
Image_2191.jpg,female
Image_2192.jpg,male
Image_2193.jpg,female
Image_2194.jpg,male
Image_2195.jpg,male
Image_2196.jpg,male
Image_2197.jpg,male
Image_2198.jpg,male
Image_2199.jpg,female
Image_2200.jpg,male
Image_2201.jpg,male
Image_2202.jpg,male
Image_2203.jpg,female
Image_2204.jpg,female
Image_2205.jpg,male
Image_2206.jpg,female
Image_2207.jpg,male
Image_2208.jpg,male
Image_2209.jpg,male
Image_2210.jpg,female
Image_2211.jpg,male
Image_2212.jpg,female
Image_2213.jpg,male
Image_2214.jpg,male
Image_2215.jpg,female
Image_2216.jpg,male
Image_2217.jpg,female
Image_2218.jpg,female
Image_2219.jpg,male
Image_2220.jpg,male
Image_2221.jpg,male
Image_2222.jpg,male
Image_2223.jpg,female
Image_2224.jpg,male
Image_2225.jpg,male
Image_2226.jpg,male
Image_2227.jpg,male
Image_2228.jpg,male
Image_2229.jpg,male
Image_2230.jpg,male
Image_2231.jpg,female
Image_2232.jpg,female
Image_2233.jpg,female
Image_2234.jpg,male
Image_2235.jpg,female
Image_2236.jpg,female
Image_2237.jpg,female
Image_2238.jpg,female
Image_2239.jpg,female
Image_2240.jpg,female
Image_2241.jpg,female
Image_2242.jpg,male
Image_2243.jpg,male
Image_2244.jpg,female
Image_2245.jpg,male
Image_2246.jpg,female
Image_2247.jpg,male
Image_2248.jpg,male
Image_2249.jpg,female
Image_2250.jpg,male
Image_2251.jpg,male
Image_2252.jpg,male
Image_2253.jpg,male
Image_2254.jpg,male
Image_2255.jpg,male
Image_2256.jpg,male
Image_2257.jpg,male
Image_2258.jpg,female
Image_2259.jpg,female
Image_2260.jpg,male
Image_2261.jpg,male
Image_2262.jpg,male
Image_2263.jpg,female
Image_2264.jpg,female
Image_2265.jpg,male
Image_2266.jpg,female
Image_2267.jpg,male
Image_2268.jpg,female
Image_2269.jpg,male
Image_2270.jpg,male
Image_2271.jpg,female
Image_2272.jpg,male
Image_2273.jpg,female
Image_2274.jpg,female
Image_2275.jpg,male
Image_2276.jpg,female
Image_2277.jpg,male
Image_2278.jpg,male
Image_2279.jpg,male
Image_2280.jpg,female
Image_2281.jpg,female
Image_2282.jpg,male
Image_2283.jpg,female
Image_2284.jpg,female
Image_2285.jpg,male
Image_2286.jpg,male
Image_2287.jpg,female
Image_2288.jpg,male
Image_2289.jpg,male
Image_2290.jpg,male
Image_2291.jpg,female
Image_2292.jpg,male
Image_2293.jpg,female
Image_2294.jpg,female
Image_2295.jpg,male
Image_2296.jpg,male
Image_2297.jpg,male
Image_2298.jpg,male
Image_2299.jpg,female
Image_2300.jpg,male
Image_2301.jpg,female
Image_2302.jpg,female
Image_2303.jpg,male
Image_2304.jpg,male
Image_2305.jpg,male
